b_0,s_0,k_1_0,q_1_0,k_2_0,xi_0,logL/N,b,s,k_1,q_1,k_2,xi,N
2.9877322345541266,2.18495362027667,4.935512395130617,18.150300021542716,5.887132545824361,0.0028057988175540904,-11.363955775895244,1.7470458261686854,1.758298436679625,4.975765386055326,18.150300021542716,5.887132545824361,0.002336130984017983,222183.0
2.5213608489331465,1.7970145501837718,3.6743958627847126,18.037267254480366,4.950065176935231,0.000687215643095167,-11.371533340661827,1.5831868732673793,1.6140123618561242,4.491832269906185,18.037267254480366,4.950065176935231,0.001822870580869854,222183.0
2.6000843777328972,1.5009566563495438,1.1616861085513315,8.604586305738732,3.338725648560389,0.0012025552566162425,-11.380192596552213,1.3664179551897329,1.501624044004592,4.1207778400309,8.604585559906495,3.3387246687782275,0.0012907009194508513,222183.0
2.149815059056116,2.4142416758525282,4.9079044168814185,7.3865122949750655,6.142818187590995,0.0016674277718246857,-11.358001296896614,1.5620722841026111,1.9470121766477253,4.954992998326661,7.482183328985115,6.094982672311849,0.002049837827000468,222183.0
2.7962270306787653,2.032151140076899,3.40372949708642,15.156055552212957,3.0931501569867303,0.0029522184889125354,-11.368162853408215,1.5633636634090384,1.6673600103688004,4.49900677064769,15.156055552212957,3.0931501569867303,0.0018094297321267013,222183.0
2.1688991361971532,2.1621598311361105,3.1025139621161157,17.75144755227188,5.109104165039072,0.0012271908615186647,-11.357230266113094,1.2052672983566826,2.03670311656725,4.430890753879272,17.75144755227188,5.109104165039072,0.001248411592515695,222183.0
2.0123804055619696,2.0866575647745083,4.113785588829286,7.616822404241949,6.176468984981958,0.000581069587419107,-11.362048201066964,1.5076313835867932,1.7942279574000932,4.555608848715326,8.847232652450373,5.944316106693749,0.0017772405373017246,222183.0
2.563773473421257,1.5620046465758652,1.7755167902788944,9.847783431126194,4.238047430330742,0.002739110302507522,-11.378853702378658,1.4018119097685466,1.5167633309819628,4.171284645224768,9.847783467956985,4.238047374590092,0.0013681090940797357,222183.0
2.2329685972447697,1.7914945568269278,1.2671964252911492,8.821319433398479,4.313218191433235,0.001973657637085547,-11.374009418848829,1.3170807686099633,1.5752988901983809,4.03987732416977,8.821319594950994,4.3132178857282675,0.001199089600937969,222183.0
1.952300581592499,1.8166687585602592,2.466410704747699,15.117959540659871,6.636517253700364,0.0007879178855280402,-11.371256190391158,1.3418567528541094,1.6141814242246868,4.09024682941326,15.117959540574503,6.63651725390206,0.001264707404636752,222183.0
1.8492237918504528,1.808538042265977,4.883116175766622,10.351935004729478,7.289609001333033,0.0010442240194719534,-11.357433736139935,1.4949060875225135,2.0954505825346925,5.0,10.351935004699222,7.28960900126166,0.002011615357347064,222183.0
2.919157600138959,2.2601576691392835,2.351658506243767,2.2269390002246006,4.1294405826786615,0.0005386752462825735,-11.362376290128504,1.0482212051514046,2.2685738198938976,3.7099109349476254,2.07858333911438,4.56222154811193,0.001812566165264665,222183.0
2.7663331168806806,2.0126553595862187,2.5388468157312083,6.079706984097878,7.627294039476901,0.0020537958356454723,-11.370972320635126,1.4726099754208173,1.637677259257436,4.341421850829007,5.3976306404437375,7.695500162296063,0.001690702085606598,222183.0
2.0269020050984476,2.4952083399242015,4.2618660374897335,13.41819101447809,4.3887518798596705,0.002116517421473204,-11.358122972543516,1.4449693343875947,1.9313592851821129,4.680152995695951,13.41819101447809,4.3887518798596705,0.0017359775426433782,222183.0
1.893774818422398,2.1593311929512167,4.580222072778292,17.117338639090736,5.608395607446447,0.0010604836659625196,-11.359140910804122,1.5250296414790918,1.8873512893906863,4.753407863609226,17.117338639090736,5.608395607446447,0.001897290717491931,222183.0
2.832074281973619,1.817409383044899,4.705745426741228,16.899710946476226,4.472876199036946,0.0009500805310840126,-11.370639273900302,1.7751837939252813,1.634419122916503,4.87549582538189,16.899710946476226,4.472876199036946,0.0022653291797758335,222183.0
1.4422970932153254,1.9402986015847383,2.5942801064917824,2.7506536620305058,6.785365022314846,0.0016446331673551633,-11.366476415840877,1.1970606570337432,1.696255386265814,3.928240403048959,12.315222820659514,4.686421058628454,0.0010036874942723174,222183.0
1.829117900434485,2.0075229112200357,3.737639326963239,7.848188157746368,6.348586080698665,0.0012076246183185667,-11.363223482841402,1.4195560770402411,1.7621391007787257,4.35871504642206,10.870305012181044,5.867794773914193,0.001542693624637262,222183.0
1.060249287937683,2.3895590749734312,2.0124796826317,8.45243777778689,6.415903495627432,0.0004500350897756366,-11.359236845246496,1.0246224112563833,1.8635869793432664,3.778936012083626,3.5138246304532275,4.396154899818752,0.001068016125636405,222183.0
2.5365139573282804,2.3447826797968316,4.744881264969623,7.567858627112481,5.597512490241554,0.0008017646675612384,-11.360413351934984,1.6313983956966496,1.8472115203627255,4.895160486278008,7.567858631486554,5.597512487907409,0.0021256219594233735,222183.0
1.8826094739937977,1.5307221271732558,2.3243439227722047,9.181010008743549,7.6706661315189555,0.0015408067336856847,-11.381197051371458,1.279890015671732,1.5099509512454092,4.15144474531203,5.301676438228428,7.893249567885142,0.0013241988782352052,222183.0
1.4442072687907543,1.8267849437835455,3.990011245932977,18.6479187618358,4.675579012965635,0.0009863752919487315,-11.358156620791485,1.241947446094942,2.1332963816237442,4.449875969827669,18.6479187618358,4.675579012965635,0.0014276916361833035,222183.0
1.4923369745862192,2.295889182432775,2.194796817651796,10.443258493359007,5.853121403889036,0.0028883891558354052,-11.362480367684421,1.176648681715395,1.785823398809287,3.99309187898171,9.428316285388592,6.032228809282568,0.0010289160488883317,222183.0
2.5282276389028997,1.613059597375044,2.7205595486198404,7.762375685966956,3.00280111424084,0.0017588414460978073,-11.377201868055842,1.4763327884939805,1.5360354044811035,4.289375870404182,7.7623749107773055,3.0028006043032196,0.0015329130995178663,222183.0
2.733021030109846,1.9254861929001361,3.986873043762603,5.956670442753889,3.3000950431264835,0.0025882830109725512,-11.368735624119187,1.63698359678179,1.6566610012205605,4.627575694132547,5.7505334326699415,3.1823024605299772,0.0019580120197098586,222183.0
1.9025250089386574,2.0532083082574797,4.381655004437885,15.879472014147021,7.836909223511825,0.0020807206090231035,-11.361031502913866,1.525975249863159,1.8224390644988913,4.639638619284429,15.879472014147021,7.836909223511825,0.0018489779644375334,222183.0
2.204170241213736,1.7065529425633774,3.733762603774698,13.055583289018463,4.670574504055343,0.0005205818656397121,-11.372852763805797,1.5421646107084892,1.5930076425189204,4.4298878782144095,13.055583289018463,4.670574504055343,0.0016923281726180057,222183.0
2.8484024955793608,2.1548134139963873,4.490582744374718,8.153521908907448,6.158359606361777,0.002535006723178344,-11.364527398521643,1.6798015393909056,1.7418517138050027,4.81254585678602,8.153521915650016,6.158359606235422,0.0021548150791316275,222183.0
1.3220950854152553,1.5369917868605054,4.984244539602416,17.11778434356989,5.700734696944133,0.00048771656089063766,-11.36340451696003,1.2458740351509816,1.7648788951567862,4.041428476328302,17.11778434356989,5.700734696944133,0.0011394816908675486,222183.0
2.0888612369876327,2.4368973207202926,1.6131780363804382,4.077568334444769,5.649127679012965,0.0017296095776766155,-11.356722406337806,1.0055676561304976,2.0435083858213643,4.024592011220235,3.6376025197864243,6.088686416502573,0.001267342510845099,222183.0
2.888885318655605,2.4428692229288984,2.8160770268772866,12.702620026056056,5.668104754992251,0.0011004872197643023,-11.364211929630867,1.4866223142643795,1.743119985008232,4.437265916080695,12.702620025327606,5.668104756239807,0.0016949164321485497,222183.0
1.472000381486994,2.271368143135274,3.0826847225464507,11.835941515860945,4.552779709744806,0.00044435390884288775,-11.360163400419598,1.2143285333984144,1.851867723337727,4.1276274631527405,11.886621104517225,4.552779685847384,0.0011493580860537423,222183.0
1.606363827200697,2.4465450986552737,1.5690882671730386,16.95850640214547,7.32488111925473,0.00268663649915693,-11.362672236961833,1.1794829761182768,1.780280046283152,3.984292179988856,16.958506402099655,7.324881119234352,0.0010194937963060222,222183.0
2.1758210035929473,2.0213519407975915,3.925126067419081,16.48890065172335,5.257233070147845,0.0007611067315512996,-11.357042041720371,1.3233003272376134,2.04444583129203,4.679840954870048,16.48890065172335,5.257233070147845,0.001519880772769911,222183.0
1.4907350261436634,1.768547340469393,1.6070623914921005,13.269678814656857,5.436794456375643,0.001309038057030845,-11.372798794430036,1.1689722086235523,1.5930256298104295,3.8313082724608614,13.2696788313963,5.436794453176567,0.0009099861819709725,222183.0
2.2177601090560057,1.795711933658124,1.8491774800525866,16.29798919910776,3.557404966790995,0.0021304032404507564,-11.373248933995335,1.350644037560942,1.585603201185979,4.092530788791955,16.297989199102908,3.557404966790995,0.0012746545953881293,222183.0
2.6266522909972956,2.0008021084143954,3.7386901235451284,6.133708068432051,7.0689953110207995,0.002831395219348564,-11.36753868036013,1.583033274567542,1.6796960544978743,4.547814806640378,7.119528143101703,6.949501955992287,0.001872736142415427,222183.0
2.174713949987231,2.064505730346508,1.2625351272724692,1.7923375109340287,4.728217919644214,0.0029935146234743456,-11.358423356236248,1.5662893309880266,2.070246607697873,3.165196204378105,0.9556986210004926,3.7689417791001896,0.0026013619023925,222183.0
1.429280067652929,2.437534536184909,1.650952831560192,18.82571332187452,3.7080341243327393,0.0022742093139376945,-11.362127111251661,1.1359298977941636,1.7969772630159775,3.9393384336008657,18.82571332187452,3.7080341243327393,0.0009414090150698302,222183.0
2.5476717693186104,2.0033761307213354,3.049165894259593,6.96709047866252,7.507240755794178,0.0004462579523584884,-11.368379268954216,1.4943333062347561,1.6642502005970239,4.3778286016279395,7.030509390732035,7.507245731537763,0.0016581496766988554,222183.0
2.9445308081009363,2.053108639468177,2.4278946036602083,8.377128037311895,6.169204278627641,0.001914594597250865,-11.369689539774106,1.4914452605254427,1.6404322459883427,4.349812890203474,8.37712829640647,6.169204277324403,0.00162414111979173,222183.0
2.369358655262703,2.1950760295318794,1.0809557481325496,15.281437105977135,6.114155897994435,0.0013552762101075042,-11.368242672648584,1.3195175351960209,1.6625680975213262,4.08534668784107,15.281437105793248,6.11415589806842,0.001242706929390909,222183.0
1.4870232829722498,2.019300825757156,1.7884671462035207,14.58851346743849,6.514294178754014,0.002036297787512671,-11.357836924461841,1.0446013398782439,2.0309427687860593,4.145018100295862,14.588515334045631,6.514302189311454,0.0009057063754636742,222183.0
2.504528778705473,2.0958973083902803,2.8232480936302196,9.672012964212461,5.659332927883025,0.002469773178919859,-11.367071909350175,1.4603717306061121,1.6845715070415608,4.333012201438926,9.672013125924781,5.659332860383644,0.0015873648906508154,222183.0
2.6680793227189357,2.2224894505472688,4.186972238505952,7.405771924687203,7.420371335448294,0.0016515676571053023,-11.363427570097354,1.6090637342279948,1.7641327913511022,4.703057916588385,7.405772031220132,7.420371321139896,0.002001476302886624,222183.0
1.2818008083533625,2.4413428693397075,1.8653602950931831,0.638144637997023,5.511706895896676,0.001976147500124982,-11.42045606025,1.3211948491138972,2.442352899194258,1.8455490681535787,1.0875748719540927,5.452431596347202,0.003,222183.0
1.193229924659266,1.5825720741372042,1.591900573845583,6.451861609497136,4.045326215130438,0.0012241285143786704,-11.381595397839764,1.0937667451249615,1.5441746136463557,3.237502863546681,3.3835682627910892,5.95422042580482,0.002137203061039305,222183.0
2.2943929466656505,2.3502248857241805,1.2437027071507583,6.968308267155118,7.3705885182000435,0.002976718030148564,-11.379566274458432,1.4111654074449151,1.7458378561216166,3.676607176155193,2.523374470849321,7.77650295163916,0.003,222183.0
1.4332870317344697,1.8454433514810908,1.2427739759288388,14.126647330549451,6.728099401873511,0.002659711294643265,-11.371616838187794,1.1387581737353452,1.6108655277382051,3.7965424832526007,14.126647336298621,6.728099400707469,0.0008542184710080639,222183.0
1.6696439730953228,1.7058219319612897,4.820315943373,19.371144317212387,5.605732061740605,0.0010371918929877773,-11.36491661570233,1.628106556905104,1.7551021859917104,4.583982581841312,19.371144317212387,5.605732061740605,0.002041177873105392,222183.0
1.4013358280631802,1.990242541173104,3.8042009243092823,9.535388922406904,5.531459982196662,0.00047142919565122795,-11.36071468109808,1.271200318015849,1.8313850738239537,4.19188134121205,12.524393661335596,4.7107982522137375,0.0012527425869468718,222183.0
2.8748308237973093,2.06440957785309,2.492391739779755,5.085321428023453,4.796386105722922,0.0018206208032476915,-11.361219545996171,1.3566032462067605,2.12626003339428,4.248343162105146,2.124870043569693,5.489948357708523,0.002783045014651749,222183.0
1.5779039842949236,2.4996079225735306,2.5940772662595792,10.040669155789367,3.0177129930821893,0.0017330272265667342,-11.359902961251537,1.2085488595770484,1.8610290488456627,4.1313432873332605,10.100080220284898,3.006395297619912,0.0011362303066281374,222183.0
2.327282967368965,2.073637132177269,2.952026310597973,15.576370041747493,5.616159524664952,0.0021463091259999708,-11.359309362268322,1.3090814227909922,1.9223349692231015,4.392920725815062,15.576370039784896,5.616159654587183,0.0016903321290420038,222183.0
1.0310688382281727,2.124841503882547,2.8988494431292353,2.4318512132086325,6.599672523793238,0.00209146275899028,-11.36093324741067,1.0171654726293906,1.845185939110297,3.839300509377302,10.295103237892842,4.9885106408967355,0.000750298285926074,222183.0
2.536050456458038,2.040195840807473,2.3873265992389605,7.116036611049074,7.750103538467994,0.00039469531439602167,-11.369128135774174,1.4335969939498794,1.6533119294016967,4.262320685504098,7.01580923546858,7.750102488895792,0.0015200493408745416,222183.0
1.8096151962186702,2.386279208761155,1.1268782649628313,18.302079872222816,4.585356368362143,0.0022744822174409845,-11.364660318284844,1.212781985535482,1.7330803415807727,3.9818735672560317,18.302079872222816,4.585356368362143,0.001062099205144454,222183.0
2.475609388906903,1.7236876067450004,2.1511187925780018,19.957407384430436,7.7041664382876744,0.0015389571235539014,-11.374825656845863,1.417694254111917,1.5651722083733937,4.193062143752186,19.957407384430436,7.7041664382876744,0.0014228278481763844,222183.0
2.5042121470352248,1.8068906355493752,3.7442967491198527,7.908420143012676,5.985627697956277,0.0012570644370793202,-11.371093908150069,1.589448491396362,1.6209027658519546,4.50783072508178,7.908420353196279,5.9856276762680265,0.0018457786487546099,222183.0
2.65888452079904,1.6518243815405054,2.223244983906361,8.750223664380426,6.60807497550352,0.002631632527542929,-11.376302576074858,1.452162657301629,1.5479778555075643,4.241730700159307,8.75022858825245,6.608073909727981,0.0015384985231490392,222183.0
1.6726280216859695,1.5739418601486737,4.213285884242403,3.93833264846957,3.866624544901949,0.0025148423601481754,-11.357140011265782,1.3168077336523143,2.0638188318784176,4.629455502125347,12.434877188483652,3.4081843436778088,0.0015300110718528134,222183.0
1.5858035109750472,1.7370272913479874,3.21196656327044,10.474038335276,6.91987157810153,0.0027710359509381987,-11.370473913595381,1.3116085255076246,1.6263190523029087,4.04899046537592,10.495750106391244,6.898159828310296,0.0012023146852562824,222183.0
2.2072754711414593,2.2699921700178742,4.200976414282515,6.5647511695444685,6.763448396798879,0.002905262888521004,-11.360651608233068,1.5245268026307273,1.8347859700540015,4.652849243387916,8.118292996034615,6.500136211342633,0.0018517994903372702,222183.0
2.9650316621473554,1.9608637372835171,3.4408618774786555,8.287391642861788,7.413166024147807,0.0022288738482396015,-11.369911833282998,1.5930248392950692,1.6392007655455492,4.529410463681135,8.28739166303494,7.413166021508031,0.0018634587794908626,222183.0
1.2699017677510676,1.9046840284202287,4.532226920927307,12.330030892773845,6.010853356912583,0.0017514871113947649,-11.358194577777663,1.3048811559475744,1.91672355690401,4.460812768657182,12.329034995214576,6.00985745922969,0.0013886991445950616,222183.0
1.9292312295190912,1.9272419895780026,1.5750551275931248,6.339142031761257,6.423505659281079,0.0011571802675723831,-11.362175165037302,1.099125759649501,2.116724362956251,3.7397086617958983,2.9508505360482307,7.283667901665444,0.0024388699782172964,222183.0
1.171987727188973,2.2070336819773564,3.2734022970045547,2.8930606070171514,3.48073407415117,0.001207214923024468,-11.359559656874758,1.1311541567493768,2.0402882461826892,3.6805663556491024,2.2344640707606,4.5462946787551335,0.0018985635318631822,222183.0
1.724823700763661,2.4945924848752927,3.9842672967081545,17.760507870864426,3.819334981104859,0.0020852066860659354,-11.357634012879702,1.337020047790167,1.962470163766602,4.5277246925652355,17.760507870864426,3.819334981104859,0.0015018817489507942,222183.0
2.664203901133174,2.252016881584916,3.69618956015028,11.976154516059369,4.547695082206504,0.0004803391035638372,-11.36398061002777,1.5510427986542907,1.74933530326693,4.568158927445581,11.976154517840042,4.547695087885287,0.0018523076901459771,222183.0
2.6171957463070177,1.890834992415838,3.7853984974533605,0.7589793191325636,4.765753100484833,0.002268691176788832,-11.374816930612905,2.2695317598264033,2.021810160471016,4.0465187758482255,0.6173431394240598,4.38612567290702,0.003,222183.0
1.4586865377427982,1.6053762926477066,4.723938745650154,8.789683170057105,3.7535234684226473,0.0022638714533985164,-11.368376197750308,1.5667427076022258,1.6681373709385705,4.462849575471117,8.822290694926796,3.7796094905414632,0.0018161469100814451,222183.0
1.8571562832405244,1.959199522452681,4.736148568538681,2.2315491580309557,3.237211208771297,0.002800127589478249,-11.361016483968974,1.6100141122458882,1.8270875989791595,4.812234337283301,7.352910930855881,4.609980000428403,0.002049026277767029,222183.0
2.7169167880435414,1.7278558420354957,1.4090739133266443,8.002585418801065,3.2635967318407735,0.0029953355255419637,-11.35722083682228,1.1980511032782146,2.0422084624119,4.43910578225931,8.00201859270856,3.262997289147897,0.001201790181463607,222183.0
1.3588830525716709,2.2131972678179483,1.307429910192277,7.646668019729003,7.606294943531187,0.002912410244025744,-11.36852644216076,1.1467414717283042,1.795390638842732,3.453756239318922,3.258395995811342,7.835159508752861,0.0026886123152523498,222183.0
2.7766703346783155,1.9405386064187582,1.679806491629249,9.638066410449087,3.314686106094328,0.0005813474465398606,-11.371864167437776,1.4212556461921633,1.6057523776941571,4.212488028125497,9.638066408360322,3.314686108925915,0.0014460999278725613,222183.0
2.9010277835764544,2.4754161454453705,3.9105753652742337,12.945805167197397,3.206571813423965,0.0011689737082270764,-11.36218899610521,1.5660961339524841,1.7906401086805752,4.675524227823133,12.945805170288756,3.2065718152392373,0.0019055196433573045,222183.0
2.8928603846722756,2.4398875501224286,1.634530812317469,10.55187610687259,4.065414804713315,0.0012129084681211898,-11.365954184615962,1.4105985705551591,1.7048153216833823,4.269761905607539,10.551876147300078,4.065414842766336,0.00147806557228668,222183.0
2.0182702711150995,2.038338640673391,2.882492982400131,5.413108185715591,6.566147460201125,0.0016015596706987004,-11.427784586061305,1.00000073208456,1.5000009213112817,4.999999637161787,20.0,3.0,0.00045681646441556506,222183.0
2.2842389941294647,2.0699151802843136,3.717471789558465,19.578123929908607,7.514395363870461,0.002190968865556902,-11.364823690871269,1.5172280244613419,1.7296666733823018,4.483417475750971,19.578123929908607,7.514395363870461,0.001748719589133037,222183.0
1.9938813856420197,1.505529962664607,4.676003972932143,6.904978606018751,5.6567234777024105,0.0023455271346368273,-11.357165982824617,1.4273428516903501,2.072401556734312,4.8606918612967025,8.922311419952077,4.807320187529208,0.0018085020210351647,222183.0
2.394245099919427,2.006951732653667,3.9059281091907856,4.913315815367335,3.4551715460158174,0.002355098335335586,-11.367779150305863,1.6181945533793296,1.7249965983369424,4.514841553967532,2.2343996237487964,3.201816093813655,0.0010076761014379057,222183.0
1.4362913478291577,1.8437135854136069,1.4186210277590225,12.595982051284434,6.62417763096925,0.0009090363468116115,-11.371360473395908,1.1453320320501537,1.6147288987611164,3.8067907947351984,12.161257214448028,6.624177615744856,0.0008681320472321351,222183.0
2.9567084530249677,2.372826714743976,3.5166078819633655,16.496435741549234,6.686749565463607,0.0026890859655719457,-11.35704019021031,1.327019180097571,2.043539687600452,4.68522533540522,16.496435741549234,6.686749565463607,0.00152987378368546,222183.0
2.573297988771938,2.463991137127123,2.1941741141129225,14.129363179938236,3.3673152607922376,0.0027648348916131022,-11.357267240608198,1.1915961804310142,2.036393549345435,4.402214972961342,14.129363908860027,3.367315699108001,0.0012208472151797804,222183.0
2.5465911658278855,2.1713507310856937,4.005211702728159,0.7506749054279035,3.4783037037088294,0.0005285646064582571,-11.359885157983003,2.183327993748776,2.0136778867841727,4.2388631018128455,0.5978205129427667,3.365946273419467,0.0018578627025948517,222183.0
1.6030538740395,2.2383077180899775,2.0294260760896856,8.815027821046899,7.418051309565305,0.0023025399830474236,-11.363801113705714,1.2225252521313386,1.772767977036106,3.899168370767553,3.328745711057241,7.784395409982702,0.002174096155656606,222183.0
1.830870672929894,1.6122663071686536,2.6511490464490914,6.122807694689031,6.129731413322029,0.0004481864150212545,-11.427785535132807,1.0000001359462818,1.500000254354304,4.999999932257461,20.0,3.0,0.0004584972704567637,222183.0
2.7648582768602648,1.5761527798080728,4.723924275415964,10.44120998669245,7.817508532923215,0.0010614134872876976,-11.361011636547824,1.4216023645531448,2.279283370951873,4.934051913822158,10.441209986709401,7.817508532920138,0.0020379326640196024,222183.0
2.160054005218613,2.4543191321685547,2.515917437061949,17.959094835902995,6.015013242651598,0.0011172861553925858,-11.362289381121355,1.3468703727701241,1.7860011582622455,4.2567411947040465,17.959094835902995,6.015013242651598,0.0013875194488187147,222183.0
1.1766453385955746,2.3350543586166195,1.6318371381075583,18.33675126545049,5.651343365902929,0.0028959503059570024,-11.362569958184615,1.0615258130111762,1.7911007443846056,3.826288283874342,18.33675126545049,5.651343365902929,0.0007949887792523565,222183.0
1.1507105170132248,2.117998695954174,3.121171808646884,0.24398363866176973,7.251160772158123,0.0025250537611103932,-11.364520014954127,1.7057338665347626,1.7717880410738687,4.898308309951206,20.0,3.0,0.0018449505784264083,222183.0
1.6669407539216325,1.5399843383410396,4.285763294110277,1.5250587194818357,7.163066324997546,0.0010982065164825664,-11.374561824519116,1.0000396702775403,2.499999082462345,4.999992954232295,20.0,3.0,0.0009148278365262471,222183.0
2.0410332440635273,2.191155508731769,3.833220444034085,11.33942609061787,5.8378304375154775,0.0004906810893460027,-11.361582315230228,1.4600494737713716,1.8055384775241783,4.484330136623156,11.339426090824745,5.837830437553698,0.001671582638813886,222183.0
2.235574791809094,2.277896029649008,1.4109367052075217,18.422318709907543,4.30773672141664,0.002977349173426557,-11.366402179362614,1.3102314329921738,1.6959334488399171,4.098368300629487,18.422318709907543,4.30773672141664,0.0012424150431776411,222183.0
2.2509327153929926,2.2455709660208543,1.8149408646212843,7.1836817858986155,4.228134461918556,0.0013968879718741336,-11.366517588351723,1.3250250481038004,1.6940512990670564,4.17227543472875,4.081928481146173,4.538291677811393,0.0013983693063818461,222183.0
2.9349835092031515,2.095069473757878,4.089856789191872,10.885295940271698,5.812490577292294,0.0026620632956850594,-11.366536833410928,1.6497651674532654,1.6999855710656917,4.694342279627785,10.885295940465797,5.812490577292294,0.002025493657829868,222183.0
2.367162704594678,1.8671090143060611,1.8557629065919206,3.7167609535278707,3.131414481434172,0.0024327608896460625,-11.363317247894964,1.1336398857203032,2.1722891502053536,3.639325002022709,2.2416624990050957,5.199863576557629,0.0024780638591476566,222183.0
2.009016913268616,1.7717428981113843,1.6207028021617123,13.75673826831473,3.4347690919756024,0.0010159010464369778,-11.373653784191799,1.296055644851392,1.5799617003554767,4.008354276623898,13.756738268879982,3.434769091823291,0.0011545633622755832,222183.0
2.5856136294343335,1.8654945618076608,4.46039633042491,18.188946595315077,4.292520189376416,0.0019934761252722137,-11.368715552377807,1.7039850587642438,1.6626634529440263,4.760391162858075,18.188946595315077,4.292520189376416,0.002147520881171359,222183.0
1.6814701487928347,2.487982513136625,1.6158278251815466,18.69176623745412,3.4622230580928193,0.002280609651337549,-11.362397089774499,1.1981086830142413,1.7873788991058859,4.015944622031271,18.69176623745412,3.4622230580928193,0.0010690542116401816,222183.0
0.94923874229575,2.0222130595207104,4.254225016015958,15.841499008319055,3.361869413996241,0.0020517533602269025,-11.358062807860943,1.0047041457410193,2.0474254935415095,4.082461271743497,15.841499008286922,3.361869413964108,0.0008415955100659306,222183.0
0.8542181366240436,2.405722686405869,1.1439154463237147,9.78759458573822,7.303330239314198,0.0015459548632459168,-11.362458763319102,0.7670382626349127,1.9173047092711326,3.199346662056049,4.61991421345283,7.674633095824868,0.0012670837078089206,222183.0
1.52877525628714,1.6861068392570453,2.006459773074647,14.619531519941765,3.0139406669119637,0.0028716047936172733,-11.373809211721264,1.0602633137562691,1.5811294849474742,3.6987215624147876,14.619531516530715,3.013940662185755,0.0007092257321921774,222183.0
1.935889290986804,2.395397675113025,3.1658108566764374,13.301872233401582,7.048054308062391,0.002398563383852741,-11.359195856081794,1.228763227508721,1.883124350623256,4.215236337550167,13.301872233383111,7.0480543080169635,0.0011937206874997092,222183.0
1.9865560201572185,1.6833732299033026,3.8027908029529254,6.319854057798842,7.478660830027066,0.0006853786558143062,-11.371653346991545,1.4541406748715706,1.607580222596008,4.298217390038962,11.980953154258138,5.625307581170865,0.0015188222214204746,222183.0
1.0513111360203584,2.1352202012523525,3.010690032000764,9.146472006634536,7.878683200531557,0.001443891466490264,-11.36019686271257,0.9186035520505429,1.8952464048436275,3.7622455736371934,13.24687354097477,6.035544253701684,0.0006104786083095334,222183.0
1.6421586848832888,1.6124268702292797,2.41981206775789,9.973061002081158,6.006587527748637,0.002124509029314211,-11.37724309245884,1.1375043364246522,1.5525350371573803,3.8020351211438337,7.528438600620725,6.30592825099184,0.0009104979792692085,222183.0
1.6838453537728035,1.624447159191009,1.1373635596871043,3.5977441993822437,5.157035351155413,0.0021707189672824515,-11.412714051683238,1.273306218459607,1.5728155151833798,2.7487596362082987,2.138763511033568,6.342880240391758,0.003,222183.0
1.4782049196974167,1.9315177257506715,1.6876613583546582,7.87652994364947,3.775010365415792,0.0007416005038017515,-11.367643767534881,1.053397136752785,1.6960189224179691,3.4922432012011564,3.6391839759661795,6.077145580670506,0.0016995056689983483,222183.0
1.1209939896690797,1.8790836015436239,3.5422867827114173,14.411547226251365,7.7797446881097025,0.002568119033633924,-11.368014229426148,1.1957968808479214,1.9319286788244219,3.666428272261192,14.400017037934283,7.783588084572579,0.0009720990813199465,222183.0
1.503392699969949,1.6013467295494352,4.134440882202496,8.524575730962077,5.493166745192307,0.0007539862204357214,-11.37309566145886,1.4582503361306738,1.6518484489564784,3.958526798242585,9.168716866505227,5.353219733881151,0.0014227753278862627,222183.0
1.72927817293319,2.4712192684618324,1.320696436064122,1.8018974661409797,5.180184378844087,0.0011262375875778431,-11.364904851731072,1.3477839969698602,2.1112466095726496,2.6844395940449206,1.1711128866745821,4.372064940826595,0.003,222183.0
0.8002781779250069,1.592146796446962,1.1790114378705248,10.441877968403775,5.4072855895310346,0.0010965101900430295,-11.378964809672947,0.7499833903775059,1.547659160671714,3.053774617859707,5.367563847176823,6.679185325424833,0.000997079239822773,222183.0
1.4942835285369904,1.602371520222464,2.879346387871365,18.432203663942417,4.376488021830085,0.0007533800215446785,-11.375428130021502,1.1478865731392585,1.5577379461102443,3.8041880613857777,18.432203663942417,4.376488021830085,0.0008561030957779936,222183.0
1.7417750443409794,1.7135402342358559,2.0503774162276707,19.15398724195111,5.921082008096659,0.0029479935284902007,-11.373170335491318,1.1284153869558264,1.587962207657802,3.7869938358622144,19.153987241937525,5.921082008117021,0.0008289906156841248,222183.0
1.2102633127275384,2.2702283964278798,3.993238214935571,2.7922411533289693,3.2420073968858945,0.0027805392183147997,-11.363260903927006,1.5411922869922308,1.9474641358679063,4.415122163852416,10.003095532244606,5.235828522487665,0.0019871432472175544,222183.0
1.417939090244523,2.0751264935961746,3.6652935356725185,7.099444492077848,4.95751274344719,0.0004076691089553651,-11.35939750930131,1.1728269072563724,1.8788242906895745,4.120910370386455,11.503158804676273,4.289299579184362,0.0010751099355761065,222183.0
1.4139433532955148,1.72475640759746,1.8295245718416582,7.005337184506435,3.6706627870390247,0.001756356165918464,-11.373355827413762,1.0593401731841356,1.6133807564416542,3.400159960141595,3.5837733012867177,5.815740772832686,0.0017362871112014155,222183.0
1.946108187224019,2.0983370967567327,2.7976342312858264,14.339751860351884,4.594232663512417,0.0011401738606924853,-11.363443951986877,1.2299157294260683,1.7550351545078458,4.062804946806366,14.339751860358964,4.594232663512417,0.00111223635092817,222183.0
1.0114132779776712,2.065039488841743,2.021279985507847,19.526953170828758,6.6045092286819544,0.0004691315933551778,-11.364207724144487,0.851107941053533,1.77417839221366,3.5546241637149714,19.526953170853886,6.604509228671256,0.00044432826387016743,222183.0
1.4817050258298303,2.0360414314046333,3.8734908917207185,4.999812950332288,3.0619355988975245,0.0004774815859907061,-11.35938011982984,1.2794239672162453,1.8973359304615478,4.1649959976042865,3.731907044629472,3.04590848660201,0.0009531540025254211,222183.0
1.9416110692694781,1.5354939212530483,1.0898701314443633,19.075578943855536,7.624428004358448,0.0012318541593110397,-11.379431433059416,1.1015627807710606,1.5114990834471407,3.735408006796967,19.075578943838543,7.624428004372611,0.0007637883271527518,222183.0
1.5636848761310138,1.5861968876692967,1.122078657900567,3.020055106392911,3.755503515700738,0.0008090316675155574,-11.36805088888646,0.9754503309489564,2.170616665893817,2.6143699260587585,2.1028074904049605,5.04043478640878,0.003,222183.0
1.2885282223318817,2.269351588992885,1.840443796082063,13.722020686151286,5.3282980595453076,0.0006340381953382662,-11.36218291891548,0.9413634426099714,1.8155726220236803,3.704104387092906,13.639606983855746,5.3282980437418495,0.0005993664142985869,222183.0
1.092328487031099,2.4732835034128753,3.0204494334836713,7.755222694925044,4.852718082126467,0.0016269294053850923,-11.3587026422205,0.9140994789151387,2.031064432320136,3.9198765045334625,13.318718896483823,4.010923287790011,0.0006587163367126037,222183.0
1.042938889328594,2.0459309136190553,1.103990500809802,12.220278308657171,7.379582225801374,0.002521385485427591,-11.365096679727891,0.82233687707454,1.7305642718195928,3.421492387401073,5.032178858378273,7.7448799580361385,0.001011668028975215,222183.0
1.6569005716715721,1.7464773190447356,1.7489998891754124,4.881210833231313,4.906063771036694,0.0007261567425811506,-11.380973521335237,1.2255066430469024,1.635904323896139,3.212499103412679,2.728890453472255,6.298708013920583,0.003,222183.0
1.0072998010247978,2.217583246633027,1.0558251021277179,3.916803434302616,3.9380806276418134,0.0008717459773141326,-11.371091741658823,0.9006669035134025,1.968725450063595,2.4236931639019534,2.5931394197958615,5.346714361392892,0.003,222183.0
0.7364845108373915,2.2491615328984427,1.8749810015315997,11.0604896779593,6.33636062004847,0.0005032461927140822,-11.360260085623754,0.7184227505313437,1.8690798267611397,3.4568373533186407,5.513394930212112,7.178248280997903,0.0007132273016712924,222183.0
0.9365850405017822,2.096342546840101,3.6575268068501057,7.802730364655021,5.168974083641907,0.0007588773635816154,-11.359054007422216,0.8988470361556639,2.000915661586197,3.8725840620792584,9.75631487590544,4.821576316070081,0.0006257675156037879,222183.0
1.686254964752627,2.184015683924028,3.5021385852400404,14.588663656540648,6.019273386040305,0.002509852090505169,-11.359578031128134,1.2282383487907091,1.866757785974508,4.197736541865079,14.588663656540648,6.019273386040305,0.001185375729242867,222183.0
1.9483369316988792,1.607117396362849,1.754181362092187,14.559185315689879,4.632455228708272,0.0016011050075699495,-11.358559045663617,0.9383547461815291,2.017139990966322,3.937008879409214,14.559185350977613,4.632455244367141,0.0006941296572170166,222183.0
1.1069400433654444,2.2401117995774267,3.2239788510892167,12.090036708679962,7.573972170541108,0.001737665727421517,-11.358876458725192,0.9544335333373655,1.9627134911306867,3.8896590345640307,13.102312013049664,7.416894954236237,0.0006982055572447009,222183.0
1.9917294419945095,1.5395987199914996,2.6265560296982904,18.9260128899562,5.688356629211876,0.0015271746002376778,-11.357654630843154,1.0826253057247501,2.037226612503409,4.203267594888404,18.9260128899562,5.688356629211876,0.0009856043124836548,222183.0
1.2323974756204754,1.7400931605861112,3.4000528151512364,11.967496902363427,5.3798761549109475,0.0007823129690749447,-11.35809914753791,1.0093748953279862,2.058419135509536,4.0702739507915995,13.001350872369363,5.067769268278316,0.0008505300126786428,222183.0
1.363160432868126,2.3883999460617136,2.5835792483532183,19.558521272873868,3.0172474792919965,0.0014178166796995015,-11.359417562909547,1.004055782761504,1.9088393248329434,3.8920716274743814,19.558521272873868,3.0172474792919965,0.0007550483132057375,222183.0
1.1037394994429808,1.744026645512469,2.786798522733152,12.294502680219985,7.421278535234479,0.0013461418874561406,-11.369614327500235,0.9562727190447987,1.6549227678727976,3.595308140791142,11.716070302265926,7.489329403983298,0.0005636068131073547,222183.0
1.5409401974192831,1.928889963054636,3.6540095829349486,18.487713969660714,5.844380701163146,0.0026322307054925304,-11.35750031870432,1.1206504789555356,2.0351058988361257,4.266876926916255,18.487713969660714,5.844380701163146,0.001063828260506127,222183.0
1.6987813921397836,2.168641433650052,2.5723203969917807,2.5917662698028363,6.587909987168477,0.001724333896201211,-11.372273200114638,1.3365694406239725,1.9261715043867746,3.4527373106554675,1.6881246414023143,5.286722428252739,0.003,222183.0
0.7480199742877846,1.5287919440806725,3.128827500856224,12.072101362549242,6.203327280309722,0.0013599850803386086,-11.361019403816215,0.7160911926066352,2.0478038114503976,3.6176469488590874,13.371474994071194,6.002514125822679,0.00036527737976368524,222183.0
1.9607358774746662,1.8093091029840442,3.1450689804312524,11.202819802095703,7.324074986267944,0.002434914856426757,-11.357447886351979,1.1348433162767961,2.0351349850615077,4.294350316263527,11.202838167041966,7.324076461702131,0.0010946760205647159,222183.0
1.3521013879741028,1.7772628540406945,2.506993032244968,5.034388490879158,4.271336509715649,0.0011093570957266903,-11.358583012197094,0.9654810133997864,2.010992114408231,3.827576998335236,2.4727643118136338,3.6243210195055564,0.0007434216421793125,222183.0
0.7425844285651892,1.9020422069360179,1.647903620289743,8.237675082582346,3.9553557817582954,0.0028031822698790796,-11.36662534314053,0.723674038231434,1.732784021807071,3.059850853696347,4.80832450329199,5.659760959714162,0.0009490137221496512,222183.0
1.931419927370975,1.6809954301163539,1.1391154507132342,2.9833611740865393,5.7751695614795455,0.002123039159103353,-11.38132090726152,1.3601690555831432,1.597295475029289,2.9300355828198663,1.6458996808530912,4.487776660451301,0.003,222183.0
1.2588211125396769,1.8051414451957846,2.621349281973235,12.414109287403905,4.668201184105327,0.002695456820407015,-11.368269205030167,1.0119394994756272,1.6704082905971742,3.672414625638194,12.0026370804197,4.791642851267001,0.0006508357520336132,222183.0
1.87899487319927,1.7402566208260741,3.8213453975687726,12.048825552710428,3.179617628901705,0.0009270518875361836,-11.36898200875492,1.4218632055358575,1.6474719459928473,4.278308113038071,12.048825552312964,3.1796176286084705,0.0014568699513842662,222183.0
1.5816669943186277,1.6886312660041463,1.492628049403753,5.382733418983037,7.572043044195306,0.0015306259001243874,-11.390279384701365,1.1800994792639297,1.6030326251292828,3.089355585284737,2.9779263854283253,7.766829687790086,0.003,222183.0
1.9942212405378614,1.5618513941213579,4.853558227421216,17.46361418308237,3.141016988484796,0.0025553472953977955,-11.357546253901935,1.4042214969231082,1.989550417187444,4.920314356235376,17.46361418308237,3.141016988484796,0.0016352683457922497,222183.0
1.9319706893178403,2.3918575582226698,2.960146658139832,18.132104588143076,7.974294554893943,0.0029227277273881735,-11.359607512869738,1.2062829363349394,1.867341643524059,4.16123074540499,18.132104588143076,7.974294554893943,0.0011384752496880225,222183.0
1.1931931546907033,1.8654459621446415,4.139307566471335,5.776453181077381,4.833337627868988,0.0018191439435055411,-11.360089404016465,1.1832823042563578,1.8576571622002525,4.17787688448149,5.846190635178373,4.7944338256308185,0.0011173874228793152,222183.0
1.394511750213899,2.1262772635394107,1.1348474034999323,3.5329076787369615,7.495405051925138,0.0023159458859338894,-11.37905261415707,1.1007419853517924,1.8614013072861821,2.769734409645741,2.080871827708319,5.59392145396462,0.003,222183.0
1.1118810515472826,2.385371610623374,1.2161098852616963,3.058864786470144,4.122814334049852,0.0013045796415094347,-11.37449755497701,0.9795719940496406,2.1010844068750325,2.431023639405017,2.108882879949311,5.367605608738533,0.003,222183.0
1.2506054447172232,1.9799513059067395,3.348608621299051,3.3976596535029358,4.258348489824844,0.0007328028896904455,-11.360145483437805,1.1050064389787626,1.853044020024885,3.785285609719226,2.525661710013002,3.9256051394268976,0.0011467222370768054,222183.0
1.6135722271844648,2.145605364054852,3.109269975719159,13.639601900615528,4.988106491321924,0.001884901340601238,-11.36084734669804,1.163467300004528,1.8281312287646332,4.040600209935844,13.639601905893398,4.9881064912944515,0.0010200068457046746,222183.0
1.5838774552380284,1.6001062980237504,2.4199554686789493,5.576073463969782,7.180555715846096,0.002783515049231537,-11.35828846988681,1.0919548057632078,2.049261819668908,3.85001959004268,2.6533556429449634,4.921110511882657,0.001684942258315104,222183.0
1.8985961957527628,1.886163729875101,4.413303485811675,17.1747795551769,5.941825406772813,0.0009492063203849726,-11.362959227679177,1.522485165204688,1.7650275131283384,4.597399986104868,17.1747795551769,5.941825406772813,0.0017815009110604112,222183.0
1.9076827922381812,2.29442715544955,3.346664597758462,0.2969089995194038,5.559364798155728,0.0019090116018716688,-11.363061260487438,1.2095097409497197,1.7872971480346564,3.7901183543774164,2.8785613381402357,5.091835649174459,0.0018948280757899224,222183.0
1.9090199647043131,1.5244174483956394,1.2060959942063132,9.753178594035685,5.153732202784541,0.002170241306957564,-11.358135372402126,1.0155350855274001,2.039548420603366,4.093258483100939,8.344135524522414,5.186891181710268,0.0008582177338521711,222183.0
0.8997143263035883,2.3060587107809924,1.1733362404077639,7.519533189947027,3.125427654091154,0.0005314414859295292,-11.362781823842534,0.7917792588216552,1.902125180701381,3.0609285602143577,3.853272181182369,5.532776627645803,0.0013496101082269344,222183.0
0.8507379076585744,1.881979795753244,4.05284767108169,9.662545298963966,7.673940175917954,0.00041477205976271636,-11.359697575842874,0.9356611211241924,1.927648331799892,3.827262168806054,10.426416769185565,7.328566036361916,0.0006578850875440814,222183.0
1.5174061367060194,1.5981553873166643,3.5516148465329365,11.094783417904962,3.412602767885301,0.0019519384073892285,-11.357033854311506,1.3799312470787628,2.037457428885813,4.80789265968662,11.033217125860034,3.412248526281574,0.0016482135762852224,222183.0
1.6796589565086997,1.7950848059507702,4.396089553995543,10.846105991706667,6.976914897823989,0.0025625348215295857,-11.357112028237024,1.303669580526227,2.065634579949404,4.6278770017306545,10.846105991474253,6.976914897832831,0.0014983416343453434,222183.0
1.5313459042487727,1.593362794392827,4.919912577036835,11.292495803441506,6.108017653471711,0.0019223590455502851,-11.367237036004747,1.5837270358069535,1.69474674755222,4.481701174685503,11.287120821059299,6.102642670485911,0.0018759846171852704,222183.0
1.055176372715199,1.9399133418413035,4.151423188906611,18.14594707317121,7.19235010322161,0.0026651795622477325,-11.358274826411575,1.073962925251159,1.9510766010362353,4.088777827969712,18.14594707317121,7.19235010322161,0.0009181635123999464,222183.0
1.376538488389222,2.46456226670065,1.6190980771328758,7.4322556299169245,7.558501991872154,0.0016470611787830535,-11.363524804950455,1.0056040477508337,1.934299348204895,3.431032971383336,3.4975449479487386,7.795131477459923,0.0021579755056422754,222183.0
1.9336494640116209,2.4432017065711347,3.545519831928419,1.61537138256246,6.256731308766066,0.0026043569239990083,-11.380728751043437,1.5580795523778102,2.1560684545350535,3.988336955202831,1.1540769021960362,5.265182746270515,0.003,222183.0
1.7330530802965385,1.9833342434486627,3.9582229523158223,3.318417998909551,7.009391005439794,0.0018062393464363345,-11.361273234921178,1.3554978935265989,1.807410817336897,4.338845022225695,9.410867352413751,5.545081053712263,0.0014221125744365197,222183.0
1.7860842056708754,2.053323345101317,4.988747157853297,13.533904032510302,7.842132656933163,0.002645713621487953,-11.358002060912366,1.5671873520154682,1.9418141206587811,4.991017538844336,13.533904032510302,7.842132656933163,0.002037883930637862,222183.0
1.4181390061994834,2.256544928395937,3.3842128310904696,19.257455092788664,7.775214225063639,0.0016668312630559346,-11.357728039412324,1.067819293912278,2.034949600575905,4.173411383099355,19.257455092788664,7.775214225063639,0.0009530241205131217,222183.0
1.599166298313624,1.5218374702014636,3.29910078750782,7.437096672996756,7.1341121427043435,0.0024182813475820734,-11.357627537271973,1.1035357007742506,2.0613317872142107,4.237257603068622,14.365490588150081,4.854164727161273,0.0010627159442633302,222183.0
1.2004976286896123,2.0767706674647246,3.2305150068669435,11.711614169614428,7.335713177800493,0.0014490635507337104,-11.360234638666903,1.019720827976873,1.8684536426390865,3.8697275852524182,12.771351842549333,7.184322068051422,0.0007655780398221889,222183.0
1.1953881070597103,2.4383619747346583,3.6818628025365903,14.377963356173355,3.5819357796512223,0.0004962638123477214,-11.358154000424127,1.0124536439956933,2.091855620580186,4.168613954219384,14.377963356120201,3.581935779478978,0.0008705726530704958,222183.0
1.6803033597730237,1.700656478376005,2.204713594106082,5.357892200610014,4.47769398095186,0.00271473429846157,-11.3565940341398,1.1561585991224024,2.0405998588488488,4.315492256269385,3.2912805152431632,6.292867837747885,0.001585865107201487,222183.0
0.7172759637722155,2.421246483495197,3.7264450388627566,9.99766597127336,5.680240720979858,0.0007704487559911017,-11.359240957587593,1.2336191019137304,2.0504008541213206,4.239108307126152,6.013443889751864,5.7615607229149335,0.0013894056815094403,222183.0
1.948768570679945,2.1277691894362896,1.1327834334446139,16.914874836527577,4.0870806049919866,0.0012696795951065208,-11.366605445998882,1.0882367311481553,1.6951839000962123,3.797715550717484,16.91487483655434,4.087080605042827,0.0007997421721895224,222183.0
1.6178939220713398,1.5564991651811455,4.539716777337089,19.529371488489343,3.3180777808198245,0.0018558419179547623,-11.359705126148054,1.2555563071533666,1.9289697779638615,4.7214144423657665,19.529371488489343,3.3180777808198245,0.0012342922396278524,222183.0
1.5171498515740844,1.8065064605308345,3.555346144730318,11.021260631124,6.869841777052338,0.0023441180177957714,-11.365808668198213,1.2452506604015476,1.7046932958232281,4.036073078601177,11.067763535089936,6.869841774239364,0.001113627692051031,222183.0
0.8154455074983458,2.2873235490862616,3.673559706373805,17.804134828639253,3.959731078628914,0.0026280333556789716,-11.363348323476906,0.7514230468399654,2.2679393806388837,3.8332044788857424,17.804134828658793,3.9480926725665593,0.0004810310004838416,222183.0
1.7202367414828752,1.8000700994023418,1.9120560210457436,16.445038601883684,3.0886275389334132,0.002111906760190548,-11.371033161793546,1.1062191784506732,1.6195587405055423,3.770491516779951,16.445038601778332,3.088627539054338,0.0007975546115848973,222183.0
1.3066792386735155,2.0204681615655367,3.728560435035747,2.9353413860925133,4.187241512373564,0.00097978472791423,-11.358823115358302,1.1771952975669604,1.9094608420841348,3.9998827491786537,2.3303127444022453,3.93390584471658,0.0012493809005494848,222183.0
1.8496856638556702,2.007829867309929,1.8308066947954358,9.545086829734007,4.774715087061845,0.0004646902371045104,-11.367070840554963,1.115069327671772,1.6870402713899897,3.8301756662859283,9.28031631103128,4.774703274914023,0.0008478596930386941,222183.0
1.5915267406153646,2.1557222729088354,2.6709675488569395,1.3532204535849843,3.3600545782978553,0.00042699560944960537,-11.359761659339588,1.456952326390239,2.0578729561979006,3.0174823915134836,1.166104357774087,4.0485003257674705,0.003,222183.0
0.7867203807606876,2.2615885728372267,1.9251635500300552,1.513217134361649,6.8702005624731095,0.002022841834828521,-11.35761266250884,0.7000000930136909,2.041648427561618,3.4779837321842657,4.809234123031606,5.381666259310097,0.0006638158257581819,222183.0
1.008921280937597,1.5918920487112538,3.9695311766175525,15.72937837597224,5.439016607844482,0.0007285204081175944,-11.368501424694,1.0979361913806125,1.673457389627071,3.7028178711966495,15.72937837598489,5.439016607839524,0.0007756733227518349,222183.0
1.7354775739276305,1.9626596929669287,1.6881030954436573,8.102179717944024,7.508624310838366,0.00294095623655711,-11.369043330840272,1.1403838798048578,1.696746099937184,3.588553221820182,3.5094810027070737,7.790639103234649,0.0021795601585293586,222183.0
1.3417880982800727,2.0674645365585307,4.183196562166287,4.8298727751158275,7.618992092044548,0.002069377718977881,-11.357841101708576,1.2198077855197171,1.9596166377640558,4.33844379858667,7.713171483231389,6.741086872288641,0.001239886357916116,222183.0
0.9122818838060892,2.242328540967284,4.8398449416921725,14.318130006976492,6.3828844062214625,0.002800339198688758,-11.357474776408095,1.1250610107817052,2.035133787875114,4.284744738071256,14.318128186162992,6.383710452377024,0.0010716860016097437,222183.0
1.186652508256858,1.543864429487697,1.3308957260831051,11.792444776010246,5.70684709508415,0.0006166930550569489,-11.378303738482181,0.904491468917788,1.5185974309550263,3.4553464893393846,5.022166109988726,7.0346493953191995,0.0010406392787122873,222183.0
1.3734935267962274,1.5536154907686741,3.8248952214376737,9.668312950455903,7.3940847581640705,0.0021751257379213364,-11.368471120371234,1.567477651226996,1.8466635795974229,4.188774098545086,10.519031177621844,7.27873312388839,0.0018536383752401748,222183.0
1.6890659595406854,2.016460418873087,4.034763174220863,7.793240480624577,7.488045428631321,0.0023458050539895024,-11.360231243663671,1.3465901875672113,1.8387531215656203,4.3689100193320956,9.935873178310343,7.198065077882916,0.0014305378203427618,222183.0
1.1130602184221077,2.176422417002395,1.4477896629174567,2.139170069566343,6.605686838740562,0.0007902162810251353,-11.382568065549979,1.999995389841427,1.500042258411539,5.0,20.0,3.0,0.002768409689733181,222183.0
0.7426201337635135,2.299837447313421,2.8297290181451773,9.292893932793973,6.7285740510729415,0.0005146728118664447,-11.360791625567563,0.7267211400466945,2.001218553608057,3.6400072156030974,13.290416215916894,5.336502472577053,0.00036464470895677324,222183.0
1.5784093033813635,2.112072932950043,3.0414750798179453,15.99366168641897,3.5632909017492826,0.001025314396577983,-11.361393149483726,1.148176181964639,1.8122907889657494,4.000730839078884,15.99366168641897,3.5632909017492826,0.0009832259360908122,222183.0
1.7462911230266036,2.296835661556842,4.528248506688678,17.27032003987951,5.99463296762652,0.0027233891112575627,-11.357194535854926,1.3835792464208057,2.0206061436209506,4.691792253636774,17.27032003987951,5.99463296762652,0.0016593151225875458,222183.0
1.2385955123667196,1.5049751789885448,4.724136091862295,1.433147600502129,6.988942113090582,0.0005191765965818252,-11.375552847004414,1.028972700647866,1.8922591404242448,4.8315046792463985,8.659672853644745,5.436380007358416,0.0006793446289642587,222183.0
1.9986877127010176,2.3655307867426925,1.6386373403979726,12.202676985315035,7.934575946505088,0.0028901836332728068,-11.36271753155513,1.1178519924971784,1.7784944140555512,3.9184862862190055,12.202676989842828,7.934575946204514,0.0008928513909673844,222183.0
1.7738742127928953,2.2466238503148865,2.071499103095206,0.5719144236251121,4.870406052595466,0.0026372797751289387,-11.396417561392383,1.7763682360007458,2.249443331544361,2.0593428611882953,0.7929478151387725,4.848967397600005,0.003,222183.0
1.5339897655483858,2.368669055801338,4.781472972373164,6.42464389278889,6.437903750202129,0.0029647919999949437,-11.357631544853456,1.308907748677452,2.1341782768684445,4.840458566293641,7.769537480486085,6.085968979355853,0.001533109495841148,222183.0
1.205783020822364,2.3755254121817813,4.100557397660577,11.123436982059166,6.399475629419769,0.0007834699247069533,-11.358286404994454,1.0668270910377555,2.134984229915533,4.347667777119787,11.66085138191196,6.245928644327525,0.0009983778379127626,222183.0
0.8934201910633202,2.0772273221020177,2.296376169333145,9.32866813528304,4.864894357964903,0.00036414590439419166,-11.362243900609336,0.8034522791928989,1.8087555884215936,3.5539133050429785,5.036138187890201,3.997476825118198,0.000517183612897448,222183.0
1.9343372790411675,2.4994474607650736,1.9681035932906616,18.196838413526468,7.876942248573307,0.002797150361958731,-11.360706861408415,1.1162780512981412,1.837088316131277,3.977489367164426,18.196838413490834,7.876942248585186,0.0009314485853539624,222183.0
1.0454354615009616,1.603311841555022,3.548140719300595,5.4982012083896015,7.379456857789551,0.0014596754366110957,-11.36101524449662,0.9600526656320393,1.8249681538497282,3.907020936519575,4.163831123566092,7.532847609975199,0.0011202585549611587,222183.0
0.9901947727900471,1.7839755140715239,3.984552628388339,11.582109734048617,3.5512355515045817,0.00265014910366397,-11.35804633919916,1.0080765603463109,2.041166385739691,4.07473570281847,11.573061872340975,3.5223375238709034,0.000838945368200654,222183.0
1.431680993084925,1.5752163161915318,3.646492816674258,16.496269661836724,7.26540000935041,0.002771177211093315,-11.373878086899872,1.6082618379680704,1.8626140518078704,4.067173787640515,16.496269661836724,7.26540000935041,0.0018285908829182242,222183.0
1.1473766227339244,1.969100366345104,3.4997781873853686,15.978093619899123,7.077195625785036,0.002108466588296992,-11.36058387514687,1.035679586805114,1.8519969518345436,3.87436856114228,15.978093619662102,7.0771956251741335,0.0007845408468060088,222183.0
0.9458365077463454,1.7057724803379846,1.0786748422227608,3.2652416144318552,7.475262500297871,0.001926589489532455,-11.39557485480496,0.873184914142274,1.940710322654799,2.2384635152133625,2.3291129397589,6.151626226947073,0.003,222183.0
0.7963629459066851,1.5429024438925363,1.4947803658653118,18.802265947645253,5.283090284407637,0.0021128989566334827,-11.382765994611784,0.7395131215044021,1.5176625755711772,3.5646835027451633,7.758184725998041,6.887482628363008,0.00043885363626250986,222183.0
1.3293953839651091,1.7290962993401382,3.644769210550721,8.643181695641942,3.6766257925343737,0.0005921180321188849,-11.357677708779384,1.0769152496396581,2.0383319933189665,4.18841073054156,9.950726119323656,3.4052032977562408,0.0009723058323036669,222183.0
0.7006400955638562,2.1584067557933233,1.760798014824179,3.661269024519851,6.0922756340526565,0.0015675128712678203,-11.373680787496856,0.7006234394330046,2.057504755023896,2.2573490242077927,3.1153758414867365,5.618231444783906,0.002363924506266109,222183.0
1.7997250955122068,1.7031580001187074,3.8401951884108976,2.836589816212423,7.687120982699929,0.0014602340484659547,-11.357799352088957,1.2153692139216368,2.1265362944715864,4.4564654177428595,11.956298620562285,5.196638136806484,0.00134695174871246,222183.0
0.814483109532971,2.1190107305141757,2.9535817781736395,16.7750233984866,3.4642398827485406,0.002547509417892024,-11.357085350453099,1.3058269714564956,2.0681912212171794,4.6797091314617525,16.44233515867431,4.1628852484287275,0.001505800917325607,222183.0
1.2835574054142675,2.246268733775442,3.2406422125375745,3.9060314703296686,5.640945756527522,0.0023721835564145897,-11.35826964443106,1.0928704670754137,2.002464755769205,3.8155268019307935,2.6624586690313325,4.778030519201449,0.0016199457933573852,222183.0
0.887006443702666,2.372584969262224,1.3774822017939616,1.418436640620873,7.207368249786325,0.0028398381045288547,-11.357485382679442,1.5457727182124403,1.9886857124805881,5.0,20.0,3.0,0.0020425240720737784,222183.0
1.1074639041744496,1.7094762221973259,1.5232289124355556,5.738588586015966,5.135387266383988,0.0023212348988925838,-11.380200237988534,0.9480415254432277,1.6287099826890774,2.8779457632564682,3.5412933545740395,6.251697157959029,0.002282597031867414,222183.0
1.9858029796125662,2.4161493311701325,4.798337264852295,1.8214046557708448,6.042832653409383,0.001958683688184906,-11.35707709234819,1.4371744688604016,2.0252724280771015,4.884385447094586,9.576972633716679,4.744665223968131,0.0017750531641210932,222183.0
0.8409872762479035,1.8501529400832757,1.0901124948968488,1.7126660498613966,3.888654954271101,0.002985589731445734,-11.363018486970262,0.8499909379846097,1.8552353867296367,1.0894155212599144,1.8548444135819517,3.881735033222899,0.003,222183.0
1.329122526811235,1.6351987161154515,2.560023248758384,13.864824388800736,5.767823613577316,0.0015883337764330127,-11.374425107197368,1.0434865355619551,1.5739274603342828,3.6679701503264055,13.822430264774523,5.767823612328896,0.0006744155132647898,222183.0
1.0419991561567423,1.9073480047358564,1.5564260359075166,9.653066335458924,6.188431771941353,0.0017129556877721512,-11.367215992537266,0.8627182228272764,1.6942630316211078,3.356331645618564,4.659601922680578,7.135325659867449,0.0011878138974693074,222183.0
1.1792295245959599,1.660781862635806,2.000200751511274,8.217321867995981,3.6434430168280807,0.001641805164028942,-11.357335114269668,0.8987523739975974,2.036136992536372,3.6818331922045915,3.7988175163180165,6.016143154013109,0.0012173868639297914,222183.0
1.449439968725167,2.433939299433545,4.572011835899238,5.57214589741309,7.6625970056695545,0.001769435406715674,-11.358023722577038,1.2247421915129957,2.1539126459859537,4.700333060540266,9.897997015363657,6.264627450000382,0.0013445278929545051,222183.0
0.7308071283078118,1.7978597001022039,1.8694860366909536,6.843012990987889,5.941991187721879,0.0025143355015201175,-11.373011693512101,0.7212019336631864,1.7060912636885732,2.834286233164635,4.764690621139507,6.576309528823887,0.0013257147536780204,222183.0
0.9353519571506895,2.109882203446541,2.7638687253012852,8.003858952489544,6.666105833583402,0.0014989100807827624,-11.36135120232017,0.8432114500354819,1.871084648381731,3.6394433506912636,12.701027026259112,5.230617941477245,0.00047673733068617807,222183.0
1.7760809882830801,2.42462076125637,2.662760840546327,11.191274984394566,5.7607796533534845,0.0026145445841948617,-11.35962053872005,1.1352342609176824,1.8742103474010527,4.054548139369662,11.191275062625477,5.760779630215156,0.000996187664368338,222183.0
0.8628445921057912,2.2715412586150627,3.3347741181876396,9.928222518299105,5.993848085878532,0.0009214767334748512,-11.359624766988354,0.8164978097702735,2.051927968450059,3.8087682298191523,12.795076023554016,5.141672399811606,0.0005073332286779174,222183.0
1.112729198520463,1.6655831792485514,1.8259185905544562,0.42819913830571377,6.02896867085113,0.0013951464194347253,-11.35710060392728,1.2870892120734996,2.052055371441485,4.615101712500952,12.97293857749755,5.443040648675605,0.0014032377378079709,222183.0
0.9129505705190082,1.8544006085100835,3.5723990335519473,16.945380905438203,6.790552632613458,0.0003888839388235706,-11.359251593939979,0.868954506845708,1.9877871907717597,3.867351942590193,17.08984298253582,6.771291020603737,0.0005669168860778826,222183.0
1.9283613729190041,1.6092704130736728,4.097557694958173,11.564261567823781,5.839421836975116,0.0024492864200027775,-11.357223885227508,1.2795143272002927,2.0793403930730374,4.574242545875715,11.56426157610555,5.839421828693348,0.0014542402023254063,222183.0
1.2151983595996625,2.3065256285368214,2.1653633840650452,19.1880993754808,3.8812679550415163,0.0010501081877963571,-11.359220097084165,0.8601332964551544,2.0101031381940326,3.8138904713705353,19.1880993754808,3.8812679550415163,0.0005587759794830745,222183.0
1.0502859875301487,1.9539115874115884,1.9224457892293216,17.563042075854426,3.342109675696072,0.0006851614263251656,-11.366541076385534,0.8673063222566181,1.7168005374767303,3.530118573301692,17.563042075812323,3.3421096757353497,0.0004426315344375158,222183.0
1.2979551856602005,2.403720588983256,4.5489911843484325,1.4490096708898847,3.774515697672986,0.0012306417328617444,-11.361716892137787,1.2074211309913336,2.2668538040632185,4.617284329765967,1.2447384206251735,3.657234007163931,0.0010840865212388843,222183.0
1.6546900209496767,2.0449985013490677,4.215532670164906,4.636316033378518,4.778186966312323,0.0011889981256246176,-11.359130713303381,1.3623091214501533,1.878493732233758,4.455712709387734,9.338683527722974,4.2339394895715134,0.0014977011785264466,222183.0
1.6942268058012404,1.7532708257567946,4.6435434043186135,12.806356337137887,3.00483050565558,0.002864445562608418,-11.357181235729099,1.3515715881361339,2.0106479596237685,4.766396601020909,12.806356337026788,3.004830505544482,0.001553601384960963,222183.0
0.7731469618819576,1.6593862172997556,4.6193946514355435,3.7527859072420053,4.4997589082073635,0.0012178375418630677,-11.361973018495533,1.029147295164038,1.8348396705870424,3.864184843929594,7.142951678213949,5.2301224957394625,0.0008150957110605796,222183.0
0.8911403555698717,2.084946482618026,4.2710603632832544,12.417589837798245,4.209397531370371,0.0022819493910986783,-11.358630656544621,0.9607940008882305,2.111000000399266,4.065601818360472,12.417589840747544,4.326265379207113,0.0007820231429640865,222183.0
1.2451616516260482,2.369975606130652,1.4891765570034101,13.131946508702743,7.899186651631755,0.0006432623729401615,-11.362941963982651,0.9072747826748244,1.828230868825637,3.677820855556176,9.879990887366413,7.994823335950645,0.0005871320612397049,222183.0
0.9631860455432011,1.7555930884982371,2.924610677678176,1.4637577499707592,6.468375526976291,0.001993182644745493,-11.357134072723628,1.2884512405096298,2.0786505521059744,4.663362168663368,4.80486897563984,4.512645569961153,0.0014607577355203267,222183.0
0.8588246368573216,2.0907461554404687,4.044294896301069,17.77572573492913,4.358580961712779,0.0025627932135074607,-11.359099073453514,0.8959030805439177,2.1039675482091797,3.945375688030925,17.77525611400158,4.359050582673161,0.0006596932889740219,222183.0
0.7135175820472492,2.402016374982472,3.913165192322122,12.315918406068347,4.685280232209536,0.0026080363486522323,-11.367713848150329,0.7344415849147878,2.402067057523955,3.868312790293021,12.22266202085554,4.736736248972839,0.0005023877377276085,222183.0
1.4555094782321083,1.6921271895853045,1.5611294955448214,19.926687102173215,3.3578960406284533,0.0020397010700720425,-11.374289834951767,1.0036280411783705,1.5773581145864326,3.6179848494412825,19.926687102189693,3.3578960406449236,0.0006094359063268729,222183.0
1.5926078052759323,1.7106732103706719,1.9610645436365273,7.03942137013556,3.1215220927347542,0.0017452841401348828,-11.358597767216155,1.043787845360083,2.0419466803031625,3.7399305367798243,3.131751346271777,5.872089996032394,0.001778565116790144,222183.0
0.8323805096101136,1.9456959174092252,1.1502364874871436,3.7654572381391915,4.6930747156498684,0.0012427071719069548,-11.364254316160174,0.7898281037356796,1.802607379030906,2.386854890718839,2.5880506928257976,4.149219274958706,0.0015525129248359585,222183.0
0.9762353715935516,2.464241594883893,2.555537377991786,0.16530211018341337,4.55332681546229,0.0003345967059230431,-11.358052543997173,1.0106068964930914,2.022841574912116,4.067316959527614,20.0,3.0,0.0008313363533814067,222183.0
1.9928748710195525,1.60071623576429,2.296258221429935,13.52203205041085,6.401078792963659,0.0018988407871893677,-11.358061195318726,1.0078871100325568,2.0340109433845868,4.065348037741498,13.522032208526358,6.401078775598322,0.0008404840048585728,222183.0
1.1226560323695156,2.259984491906582,3.887871259146827,12.300166689227778,4.808940257787137,0.0007326180618863584,-11.358065209150645,1.0142165124065017,2.064991056038854,4.173213784596926,12.455560631825119,4.653546301432648,0.0008627481636982,222183.0
1.3818480727046871,2.4458742946935192,3.0732458543875563,16.643869804657292,5.350172618220247,0.002826867440554801,-11.358247952440099,1.0410712936495208,1.9731034299074035,4.036341339068861,16.643869804657292,5.350172618220247,0.0008659235594809997,222183.0
1.6511294586967495,1.8359251954021882,1.182227745849084,11.603937387534177,7.114154018286985,0.0007837058177806271,-11.371536045031132,1.0311753350435942,1.6169767154900887,3.6707140696619,11.603937410283082,7.114154013576,0.0006690444885522745,222183.0
1.775252213187572,2.1777531384391273,2.920611725510868,17.733174091557483,6.876643398839645,0.0015011446511671701,-11.357665474265568,1.082981900025788,2.031561597935875,4.1940206890304035,17.733174091557483,6.876643398839645,0.0009818970224190111,222183.0
0.7515708148280951,1.965105036343974,4.465294853394203,15.118418517440913,3.610893960155965,0.0024537681637351034,-11.358544571477337,0.9350044664593529,2.043556254720331,3.9566749225641757,15.181039638725348,3.7361362211709253,0.0006995465962148148,222183.0
1.1997609844684916,2.257030095125759,3.6983034931344574,5.530727580862693,3.451290594414831,0.0005638680305793235,-11.358395138710323,1.0590785510438605,2.043924735777835,4.064733104135157,4.001976416219064,3.3242523865668145,0.0007730514114524344,222183.0
0.9211226995765517,1.789048597367524,3.90761768892255,11.860608267305585,7.0537906203652945,0.0014885017411287195,-11.361781754912743,0.9738126154010642,1.8237738173353752,3.7656186318035094,11.398968960533862,7.100001038099161,0.0006649773118620774,222183.0
1.7282211952954836,1.6523022878904454,1.1084563915921954,1.6143286372086474,5.143888983489879,0.002951745167769414,-11.372747990617393,1.3884121584224902,1.9324107111196154,2.3941706456060032,1.1140422278680633,4.435521801242632,0.003,222183.0
0.8744813652572166,2.011688721151604,3.1429933906102923,17.48197532623528,4.9572563208012905,0.0028502282311639693,-11.374118296736526,1.0855228187392574,2.103224174014211,3.4913224543132353,17.429094526935362,5.001323657465191,0.0008163132767300543,222183.0
1.5465154011289362,1.5908699596451874,4.267222174727992,16.06694983651617,4.391873775913166,0.0006792498404476656,-11.372335435999602,1.481480199940426,1.6607188656806426,4.0163690300312425,16.06694983651617,4.391873775913166,0.0014975336192252513,222183.0
1.9585788794176833,1.5834961769687754,4.996684629262943,3.12925536834904,7.123756081808954,0.0019805687159419843,-11.357987692815133,1.417899306221989,1.978113736657809,4.997905027696259,10.382545038236419,5.350817312988295,0.0016383470329965355,222183.0
1.8347563214105225,2.137182367071212,3.1619537306950125,8.37444485341489,7.405703775458566,0.002850102645268935,-11.361612273390813,1.2370284433814545,1.8019177982221395,4.1301291175996555,9.330966559332024,7.307598951901979,0.0011649934943135636,222183.0
1.914328916310941,2.4067836405667533,4.367411629945975,11.58166516188286,3.8304313237830985,0.002130196966345603,-11.35725998916414,1.367588215837696,1.998674080236999,4.652224587844021,11.58166516228457,3.830431324030115,0.001628872177356325,222183.0
1.5564703548581789,1.537710116373169,1.7211044673810276,0.32114606904621484,7.460851931773366,0.0004989957910929536,-11.3588270028513,0.7000003787785365,2.0414450876204198,3.54526070959413,5.393562196797898,7.851574980353323,0.0007389050828555198,222183.0
0.8449761290121145,1.9204486361424722,3.1549421589520312,19.44924161306975,3.0355940013019698,0.0005495047953516587,-11.362653848584777,0.8135589543549259,1.8292085170815577,3.5561047072790566,19.449241615667958,3.0278558415083454,0.0004123458766719335,222183.0
1.8882451914331286,1.6664695479848841,2.783775239412709,12.641641166344845,4.937877085713089,0.00032340287988629385,-11.373763392786383,1.2546369401879123,1.5777261001089473,3.9655300659666746,12.641641166661719,4.937877085547498,0.001071262190329918,222183.0
1.5778652873763441,2.0588748670167707,3.412123084120847,13.048492500545343,6.94176149765352,0.0009098436888349123,-11.357608096497183,1.0949962539157188,2.033006974471262,4.218608795531911,13.048491957648656,6.941761549283814,0.0010085008092315846,222183.0
0.9359482317628605,1.53809182567367,4.891144625624666,0.4346656211620725,7.701760850271693,0.0028932856026524355,-11.35805601619603,1.0176380192508938,2.0113916566336973,4.063246822677382,20.0,3.0,0.0008401816816059122,222183.0
0.8435766499832394,1.7719183110804875,2.4558880899940028,0.5372749921839319,7.299846991134971,0.0021885770723680618,-11.357557378448226,1.1116623528564937,2.0703208803309323,4.2997257059909835,20.0,3.0,0.0010636172070980334,222183.0
1.1333728298167491,1.5447102915258368,2.692119727308561,16.740094231559354,4.017572742197233,0.001956955673831647,-11.358799794999863,0.9075256245546176,2.0555344558128334,3.913706004074748,16.740094244882112,4.017572764483079,0.0006716755407556762,222183.0
1.220109747098956,1.6258286391886474,3.302368669224301,18.462216233885627,7.763339976241073,0.0003971536209502244,-11.358195353544346,0.9914931218602209,2.0100651373855367,4.048571815746632,18.46221623388044,7.763339976241073,0.0007898393937333727,222183.0
0.9820773221281563,2.4994133981996502,3.4267345782383947,16.155848997708542,3.8894588060019726,0.0009187553831499651,-11.358081776506557,1.0254553050367612,2.0027995320323027,4.052367553405929,16.175125566169783,3.889459629363385,0.0008496257006499914,222183.0
1.4643074952865902,2.2979106205392,4.372331059742324,4.4313994585017555,5.224407766309088,0.002988159114779523,-11.357166689154441,1.2432168406720376,2.0670860930372643,4.553907474696908,8.935140468487644,4.580923085277418,0.0013554470979995799,222183.0
1.8051256554979758,2.046380409112027,2.5055030376244756,5.1388084884552505,4.704078315351216,0.0004062692356170382,-11.363899082078095,1.2018530387960895,1.7481701087950188,3.8671902298562864,2.3882483476069742,3.7738643772849536,0.0011542447024604577,222183.0
1.5211615838591355,1.5895966588932797,1.494562448016001,19.69696587320572,7.306004907749738,0.0026068302535884494,-11.377567739391864,1.0203944497792672,1.535104086265128,3.632305022366395,19.69696587318325,7.306004907766982,0.0006314252249115547,222183.0
1.461390971282397,1.557427958608491,2.0787612898564682,16.70852793747234,5.630186618715887,0.001335178820387789,-11.3782449969299,1.0481874186949995,1.5263008801241116,3.6641152687197547,16.708527937385714,5.630186618764735,0.0006746132750523626,222183.0
1.8478973961158545,2.431772502503595,1.2511365729206672,11.43786248634336,6.434009188108542,0.002306958695691469,-11.36256216720554,1.056454043574322,1.789432274231871,3.8358639788870477,11.437862591611642,6.434009158182918,0.000789569090391945,222183.0
1.1935260565334929,2.2049115540420345,1.7054089361480478,0.9058370162710466,5.53934683743752,0.0004148273445558413,-11.458283217619657,1.2546365020730268,2.2920883374986722,1.2981471159328093,1.0055991958707837,5.853184145489004,0.003,222183.0
1.9881486644901665,2.3111246711276467,2.0688942129964474,1.1070535902690655,7.808691330584658,0.0026149437652024537,-11.483067846352082,1.6876194332866303,2.121899920228507,2.752743456434886,0.8721280434457058,6.68677679591695,0.003,222183.0
1.215025473200506,2.479145611669528,3.1458229979024392,9.431634215656059,7.1897126766745485,0.0028118004284672176,-11.35827028802522,0.9764529581546427,2.024409343841089,4.006730836790316,14.338206594516704,6.108743950099574,0.0007689890257583723,222183.0
1.5496896586586955,1.717920250602909,4.710636891318227,3.735408982016082,6.9501325536482135,0.0005756526324836879,-11.364012466682274,1.4626212019111253,1.7980582581781317,4.330493067787963,5.401714713509781,6.545441820962739,0.0017351432290126643,222183.0
1.1964236283985132,1.726191825110868,3.787081072365485,17.06243930803959,6.637290253103819,0.0014968412873718855,-11.364239544049209,1.3465330979886245,1.8707463970042066,4.013668239407949,17.06243930803959,6.637290253103819,0.0013778480880357524,222183.0
1.0500477134248183,2.076466861995528,3.277587489562452,17.121113006660714,5.511929438368844,0.002778779370888483,-11.368153783108456,1.4863929437851253,1.8116693748650956,4.068783535438383,17.121113006660714,5.511929438368844,0.0016090210093343104,222183.0
1.5195896993258249,2.056245191670792,4.748926053769466,13.626477505883958,7.205453379148897,0.001225078206401807,-11.357269048616555,1.421190267798394,1.9894655110993191,4.779069608952676,13.626477505883958,7.205453379148897,0.0017131485938642883,222183.0
1.0635553764023564,1.7669520439270103,3.4310835697359074,6.871648395076795,5.547421205127469,0.0029955596219164594,-11.371017495319995,1.2510109025753156,1.9137148061178184,3.745265281114118,5.5157796330497115,6.038494031616913,0.001377556248985079,222183.0
1.8232697330215069,1.9922985953638868,2.211168442009643,6.771136675240612,6.988318740450314,0.0013566802148403207,-11.367760580602342,1.2229384736346882,1.7292398829474405,3.698718766032908,3.2122638459137858,7.528017840500922,0.0024580775728450634,222183.0
1.963696647462042,1.5748647443458812,4.704745282454559,13.02790559016651,4.895593599012017,0.0010090520011942414,-11.377881386739878,1.868476862887396,1.644551186305103,4.426232936948837,13.02790559016651,4.895593599012017,0.0024253352790667725,222183.0
1.5773194094645666,1.5081198598129448,4.148420435313481,16.344153309275683,6.766837680885834,0.00043765415305818906,-11.378561135143725,1.4903630074742644,1.6064291793211003,3.8364578847391493,16.344153309275683,6.766837680885834,0.0013517373548316658,222183.0
1.1344925369474463,2.3020974406554404,2.2086711443412366,15.483589706087328,5.628810454919286,0.0024011604287415703,-11.360858831550413,0.9006693531893519,1.8704448068386936,3.7108556134008284,15.483589706555493,5.628810454737347,0.0005611293453905566,222183.0
1.5216889220484138,1.863150865795553,4.820849700649579,12.209926016127843,7.356575675418912,0.0009004261401345242,-11.359128507374487,1.4885259882901114,1.8890853676879151,4.6687600195373955,12.209926016235304,7.356575675418912,0.0018226343614506728,222183.0
1.9497122726706229,2.3606859207735056,3.2926387502071117,2.7544907568700157,6.042471905977177,0.0017535242892931901,-11.359249945607745,1.2495474553589345,1.8785460527398952,4.249071500522251,12.414226059547305,4.338298008911093,0.0012362423700301337,222183.0
0.7603868228472324,1.5527542956827807,2.266150339811001,14.738720287606977,6.383845983999377,0.0023022689585524667,-11.382586208983543,1.396522121230561,2.038891772628414,3.669785245531248,7.223704888711105,7.213523682924084,0.001311540648186481,222183.0
1.100884130583261,1.5852551886665383,1.6159152165132866,3.4919194173734915,5.520413479515049,0.0008637351617144739,-11.363409191130769,0.942692851981663,1.946156418104952,2.9510972571471865,2.1536454488481933,4.52598926094026,0.0017902665358716016,222183.0
1.3007935320051152,1.7545266444612855,2.6252193059870024,13.880484112615772,5.884497832692432,0.0023225723932430117,-11.369877893975866,1.0329970909192645,1.641125534447851,3.683885370867332,13.838934976942419,5.884497832550018,0.000675498407411342,222183.0
0.8582917879838698,2.128509896592913,3.7093754777311916,4.886354565598983,7.16762425150759,0.002487111682343312,-11.358886996749003,0.8047924038369599,2.1110220021281587,3.8362243339436914,5.11041682016209,7.128655370331232,0.0007914122804668168,222183.0
1.50522034218935,1.8709617868614123,3.644923657284306,10.52885635252933,6.182146252267908,0.0011359955094363229,-11.363597317604315,1.2452075848630455,1.7511990598587033,4.0824844633909745,10.814546429571202,6.152073609097075,0.0011429942922313887,222183.0
1.2724852939092597,1.6648218941179258,2.464138155962778,15.220482276839949,7.202365373360193,0.0009182729557667562,-11.373436006247283,1.0051111236180865,1.587856908527614,3.6484909136299906,15.22048227775656,7.202365373200783,0.000618419518916729,222183.0
0.8467055169925881,1.6103013374697746,1.4786940755953988,17.93781711981989,6.515326525406914,0.0018555090213710202,-11.379703250610445,0.7587825609440388,1.544264344441032,3.589151637278407,7.246879819054176,7.405152560091136,0.0004960694967096546,222183.0
1.0863724352979671,2.025928829683027,3.732855156777597,4.949167345099157,6.660499763542264,0.0011841736165763784,-11.35949313216983,1.0102519093071562,1.9223127793146477,3.9825167231056584,7.914582568508794,5.939283687311919,0.0008065894619858612,222183.0
1.561683255855417,2.2990677873684846,3.8504113691934445,9.743913717861133,3.8144381139957195,0.0014586023251088106,-11.357648466747204,1.2084523767957598,1.9715888077735266,4.3216487765541745,9.762990758543,3.7381298749322096,0.0012144688419590643,222183.0
1.8580759206798896,2.137227228173134,1.7126806673560249,18.76820772393796,3.3193350376294206,0.00046518126499906355,-11.36517041739275,1.104130473398775,1.723153922145585,3.8415950700191117,18.76820772393796,3.3193350376294206,0.0008396639544463821,222183.0
1.072139264486603,2.2826788738672974,3.472674139915913,7.804619772926233,3.612759149654385,0.0016196485514958588,-11.35840802749347,0.9509002890226279,2.027670060123206,3.9703021576945043,10.232128701556649,3.413112871940354,0.0007219162497773893,222183.0
1.8211386374925527,1.7294450779557482,2.8046358623187193,7.87928306821806,3.7349087482399157,0.0011765885193085665,-11.357591693207588,1.0848242008545994,2.035847628075722,4.207393019592454,7.587797392159793,3.7912196652251704,0.0009835453096501327,222183.0
1.3974172726050864,2.092819335206125,4.752250493745186,18.89890711585097,4.845956580436142,0.002571466632589243,-11.357100108026865,1.3807054158051366,2.0815234053806573,4.856327030331301,18.89890711585097,4.845956580436142,0.0016822067854403507,222183.0
1.4548268403161448,1.919640497697735,4.068341675062709,14.574612692525138,5.73206737657952,0.002192302555598534,-11.36051597197938,1.295826112003213,1.8312640221981482,4.264596708083945,14.574612692525138,5.73206737657952,0.0013094657171319702,222183.0
1.3971512325528337,2.126072222046308,2.9244269739418645,7.850131847329463,6.8923088364342195,0.001031276153463291,-11.361040123850088,1.069351682077494,1.8317007009897635,3.9003540720757615,13.562951107957996,5.062160836947625,0.0008350851372479291,222183.0
1.1278275151983277,1.5890750733249273,1.5702990915143848,1.2419692895729748,5.988133322508281,0.002803777213476005,-11.37417321488983,0.7,2.192790051115002,1.9481234077411156,2.9204990154571266,5.406329971381581,0.003,222183.0
